Rain_Zone,Location
6,6_CACTA014
6,6_CACTA002
6,DS_Store
6,6_CACTA003
6,6_CACTA015
6,6_CACTA008
6,6_CACTA012
6,6_CACTA004
6,6_CACTA005
6,6_CACTA013
6,6_CACTA009
6,6_CACTA006
6,6_CACTA010
6,6_CACTA011
6,6_CACTA007
6,6_AZMCA005
6,6_CACTA001
9,1213897945_CO
9,201902101_CO
9,1789503720_CO
9,-622733610_CO
9,-1323989943_CO
9,1789503719_CO
9,609368732_CO
9,2022_CO
9,1661183142_CO
9,1615281267_CO
9,-1166835566_CO
9,-875791527_CO
9,156559051_CO
9,356302650_CO
9,1303384253_CO
9,1341488229_CO
9,-111085006_CO
7,1831195035_WA
7,201901301_WA
7,-1797464674_WA
7,-754277822_WA
7,1053525776_WA
7,202000301_WA
7,-838739535_CA
7,675235765_WA
7,-1762711317_WA
7,-1758967266_CA
7,-748081246_WA
7,607806237_WA
7,1232494028_WA
7,1411011730_WA
7,167145060_WA
7,869929866_WA
7,913484011_WA
7,-39516690_CA
7,77073608_WA
7,1027681509_WA
7,201901302_WA
7,2041238352_WA
7,785768151_CA
7,-1271533783_WA
7,180828237_WA
7,-740912704_WA
7,202200201_WA
7,-99469631_CA
7,-910747072_WA
7,1802430663_WA
7,202300201_WA
7,417626268_WA
7,-492483338_WA
7,-371286772_WA
7,-43160592_WA
7,-659888030_WA
7,-1065386384_CA
7,-1151112381_WA
7,-1098775618_WA
7,202000703_WA
7,375502076_WA
6,735665334_CA
6,440700621_CA
6,-2055029627_CA
6,-748110633_CA
6,-1443007454_CA
6,472667464_CA
6,-970008043_CA
6,1170450900_CA
6,1478366656_CA
6,130072273_CA
6,-1956394040_CA
6,1841653012_CA
6,1593397829_CA
6,-1301697111_CA
6,-1203964548_CA
6,899326306_CA
6,-1466349558_CA
6,-357056449_CA
6,908852039_CA
6,2071161565_CA
6,503369727_CA
6,-1440045629_CA
1,616281489_WI
1,202000109_WI
1,809024176_ZZ
1,1312629745_MN
1,201901701_MN
1,1727064429_PA
1,-254220822_WI
1,51025503_WI
1,202000101_WI
1,681502880_MN
1,-240960970_WI
1,-487452381_ZZ
1,-661983319_WI
1,202000108_WI
1,990095748_IL
1,202000103_WI
1,761913947_ZZ
1,-1245604459_ZZ
1,1110495534_WI
1,1410823887_ZZ
1,146131124_WI
1,627107381_MN
1,-1095730023_WI
1,202000102_WI
1,-979510172_ZZ
1,-1204806465_PA
1,202000107_WI
1,2026163311_IL
1,-2092564571_WI
1,530401475_CT
1,-451144366_MN
1,-792341421_WI
1,579679611_MN
1,1731997186_ZZ
1,202000106_WI
1,-1895414596_WI
1,1453962954_MI
1,750423040_ZZ
1,202000104_WI
1,1567109165_WI
1,464202034_ZZ
1,544571369_WI
1,202000105_WI
1,-758940276_PA
1,886330049_MN
4,-545409338_TX
4,-1407947515_TX
4,1758913519_KS
4,-727994930_KS
4,721723703_KS
4,648144544_KS
4,-2117490718_TX
4,-1801167847_KS
4,499364728_KS
4,350398054_KS
3,967950500_FL
3,-1378579706_FL
3,1782781956_FL
3,1072980301_FL
3,347856767_FL
3,-751735465_FL
3,488336797_FL
3,2146225981_FL
3,548635322_FL
3,1999439671_FL
3,675677233_FL
3,-1466164052_FL
3,-1800346028_FL
3,1582980719_FL
3,1604339850_FL
3,-1271688643_FL
3,-1594013240_FL
3,-92682729_AL
3,1664445868_FL
3,1724885033_FL
3,-2131034431_FL
3,-1497115633_FL
3,1789682252_FL
3,-749550946_FL
3,204825328_FL
3,-1217647869_FL
3,1274447406_FL
3,-497102667_FL
3,1038061310_FL
3,1583890824_FL
3,-1059537853_FL
2,-1386928737_NC
2,201901102_NC
2,243501446_MD
2,1718458517_NC
2,202220103_MD
2,-151133217_VA
2,1010839656_NC
2,202220102_MD
2,-1953869629_VA
2,-322676774_MD
2,1707465841_VA
2,1615888847_NC
2,-343487644_NC
2,-1384686413_MO
2,1376575417_MD
2,-2135647706_MD
2,201901002_NC
2,600510624_NC
2,937754979_NC
2,-1375560128_NC
2,-2026032762_NC
2,1312855463_NC
2,-487215506_NC
2,66912597_VA
2,239473865_NC
2,1193812197_NC
2,551617809_NC
2,972115283_MD
2,-1459348104_MO
2,-1380686069_VA
2,847106458_VA
2,202220101_MD
2,1395841446_VA
2,1084444993_NC
2,-1548145450_NC
2,1919436742_NC
2,1915504165_VA
2,-1587860994_NC
2,1007496756_VA
2,1926923448_VA
2,201901202_NC
2,-2075068886_NC
2,-257742440_MD
2,767376559_MD
2,-289103686_MO
2,-894048869_NC
2,266044994_NC
2,1422258761_NC
2,-30568305_MD
2,1821743850_NC
2,451219421_NC
2,1017767997_MO
5,-1884922775_TX
5,702665323_TX
5,-686452339_TX
5,1166104123_TX
5,-1089864373_TX
5,795376444_TX
5,-2003038404_TX
5,977960993_TX
5,1095453288_TX
5,714830611_TX
5,58597072_TX
5,44508055_TX
5,-1848687670_TX
5,1752800999_TX
5,1366698958_TX
5,-2045875046_TX
5,-1641934844_TX
5,-1153896441_TX
5,448339221_TX
5,270059998_TX
5,1490445955_TX
5,-1409388884_TX
5,-718040497_TX
